
{
  "header": {
    "reportVersion": 1,
    "event": "Allocation failed - JavaScript heap out of memory",
    "trigger": "FatalError",
    "filename": "report.20200113.072300.1581.0.001.json",
    "dumpEventTime": "2020-01-13T07:23:00Z",
    "dumpEventTimeStamp": "1578889380774",
    "processId": 1581,
    "cwd": "/var/www/www-root/data/www/azino-case.com/bot",
    "commandLine": [
      "node",
      "site"
    ],
    "nodejsVersion": "v12.14.1",
    "glibcVersionRuntime": "2.27",
    "glibcVersionCompiler": "2.17",
    "wordSize": 64,
    "arch": "x64",
    "platform": "linux",
    "componentVersions": {
      "node": "12.14.1",
      "v8": "7.7.299.13-node.16",
      "uv": "1.33.1",
      "zlib": "1.2.11",
      "brotli": "1.0.7",
      "ares": "1.15.0",
      "modules": "72",
      "nghttp2": "1.40.0",
      "napi": "5",
      "llhttp": "2.0.1",
      "http_parser": "2.8.0",
      "openssl": "1.1.1d",
      "cldr": "35.1",
      "icu": "64.2",
      "tz": "2019c",
      "unicode": "12.1"
    },
    "release": {
      "name": "node",
      "lts": "Erbium",
      "headersUrl": "https://nodejs.org/download/release/v12.14.1/node-v12.14.1-headers.tar.gz",
      "sourceUrl": "https://nodejs.org/download/release/v12.14.1/node-v12.14.1.tar.gz"
    },
    "osName": "Linux",
    "osRelease": "4.15.0-74-generic",
    "osVersion": "#84-Ubuntu SMP Thu Dec 19 08:06:28 UTC 2019",
    "osMachine": "x86_64",
    "cpus": [
      {
        "model": "QEMU Virtual CPU version 2.5+",
        "speed": 2300,
        "user": 1815300,
        "nice": 0,
        "sys": 243600,
        "idle": 1544400,
        "irq": 0
      },
      {
        "model": "QEMU Virtual CPU version 2.5+",
        "speed": 2300,
        "user": 1806600,
        "nice": 0,
        "sys": 247100,
        "idle": 1536600,
        "irq": 0
      }
    ],
    "networkInterfaces": [
      {
        "name": "lo",
        "internal": true,
        "mac": "00:00:00:00:00:00",
        "address": "127.0.0.1",
        "netmask": "255.0.0.0",
        "family": "IPv4"
      },
      {
        "name": "ens3",
        "internal": false,
        "mac": "00:16:3e:3a:36:42",
        "address": "77.222.60.47",
        "netmask": "255.255.255.0",
        "family": "IPv4"
      },
      {
        "name": "lo",
        "internal": true,
        "mac": "00:00:00:00:00:00",
        "address": "::1",
        "netmask": "ffff:ffff:ffff:ffff:ffff:ffff:ffff:ffff",
        "family": "IPv6",
        "scopeid": 0
      },
      {
        "name": "ens3",
        "internal": false,
        "mac": "00:16:3e:3a:36:42",
        "address": "2a02:408:7722:54:77:222:60:47",
        "netmask": "ffff:ffff:ffff:ffff::",
        "family": "IPv6",
        "scopeid": 0
      },
      {
        "name": "ens3",
        "internal": false,
        "mac": "00:16:3e:3a:36:42",
        "address": "fe80::216:3eff:fe3a:3642",
        "netmask": "ffff:ffff:ffff:ffff::",
        "family": "IPv6",
        "scopeid": 2
      }
    ],
    "host": "77-222-60-47.swtest.ru"
  },
  "javascriptStack": {
    "message": "No stack.",
    "stack": [
      "Unavailable."
    ]
  },
  "nativeStack": [
    {
      "pc": "0x0000000000b05ba5",
      "symbol": "report::TriggerNodeReport(v8::Isolate*, node::Environment*, char const*, char const*, std::string const&, v8::Local<v8::String>) [node]"
    },
    {
      "pc": "0x00000000009dbd93",
      "symbol": "node::OnFatalError(char const*, char const*) [node]"
    },
    {
      "pc": "0x0000000000b3b18e",
      "symbol": "v8::Utils::ReportOOMFailure(v8::internal::Isolate*, char const*, bool) [node]"
    },
    {
      "pc": "0x0000000000b3b509",
      "symbol": "v8::internal::V8::FatalProcessOutOfMemory(v8::internal::Isolate*, char const*, bool) [node]"
    },
    {
      "pc": "0x0000000000ce68a5",
      "symbol": " [node]"
    },
    {
      "pc": "0x0000000000ce6f36",
      "symbol": "v8::internal::Heap::RecomputeLimits(v8::internal::GarbageCollector) [node]"
    },
    {
      "pc": "0x0000000000cf2dca",
      "symbol": "v8::internal::Heap::PerformGarbageCollection(v8::internal::GarbageCollector, v8::GCCallbackFlags) [node]"
    },
    {
      "pc": "0x0000000000cf3cd5",
      "symbol": "v8::internal::Heap::CollectGarbage(v8::internal::AllocationSpace, v8::internal::GarbageCollectionReason, v8::GCCallbackFlags) [node]"
    },
    {
      "pc": "0x0000000000cf66e8",
      "symbol": "v8::internal::Heap::AllocateRawWithRetryOrFail(int, v8::internal::AllocationType, v8::internal::AllocationAlignment) [node]"
    },
    {
      "pc": "0x0000000000cbd017",
      "symbol": "v8::internal::Factory::NewFillerObject(int, bool, v8::internal::AllocationType) [node]"
    },
    {
      "pc": "0x0000000000ff307b",
      "symbol": "v8::internal::Runtime_AllocateInYoungGeneration(int, unsigned long*, v8::internal::Isolate*) [node]"
    },
    {
      "pc": "0x0000000001376259",
      "symbol": " [node]"
    }
  ],
  "javascriptHeap": {
    "totalMemory": 1048883200,
    "totalCommittedMemory": 1042217944,
    "usedMemory": 847686960,
    "availableMemory": 36252512,
    "memoryLimit": 1069547520,
    "heapSpaces": {
      "read_only_space": {
        "memorySize": 262144,
        "committedMemory": 32568,
        "capacity": 261872,
        "used": 32296,
        "available": 229576
      },
      "new_space": {
        "memorySize": 16777216,
        "committedMemory": 11159648,
        "capacity": 8379904,
        "used": 3610160,
        "available": 4769744
      },
      "old_space": {
        "memorySize": 1026404352,
        "committedMemory": 1025688096,
        "capacity": 841360904,
        "used": 839151936,
        "available": 2208968
      },
      "code_space": {
        "memorySize": 950272,
        "committedMemory": 848672,
        "capacity": 772160,
        "used": 772160,
        "available": 0
      },
      "map_space": {
        "memorySize": 1576960,
        "committedMemory": 1576704,
        "capacity": 1288640,
        "used": 1288640,
        "available": 0
      },
      "large_object_space": {
        "memorySize": 2863104,
        "committedMemory": 2863104,
        "capacity": 2828152,
        "used": 2828152,
        "available": 0
      },
      "code_large_object_space": {
        "memorySize": 49152,
        "committedMemory": 49152,
        "capacity": 3616,
        "used": 3616,
        "available": 0
      },
      "new_large_object_space": {
        "memorySize": 0,
        "committedMemory": 0,
        "capacity": 8379904,
        "used": 0,
        "available": 8379904
      }
    }
  },
  "resourceUsage": {
    "userCpuSeconds": 346.742,
    "kernelCpuSeconds": 9.5548,
    "cpuConsumptionPercent": 135.991,
    "maxRss": 1109438464,
    "pageFaults": {
      "IORequired": 61,
      "IONotRequired": 1287632
    },
    "fsActivity": {
      "reads": 13136,
      "writes": 40
    }
  },
  "uvthreadResourceUsage": {
    "userCpuSeconds": 130.617,
    "kernelCpuSeconds": 4.39555,
    "cpuConsumptionPercent": 51.5316,
    "fsActivity": {
      "reads": 12984,
      "writes": 0
    }
  },
  "libuv": [
  ],
  "environmentVariables": {
    "LS_COLORS": "rs=0:di=01;34:ln=01;36:mh=00:pi=40;33:so=01;35:do=01;35:bd=40;33;01:cd=40;33;01:or=40;31;01:mi=00:su=37;41:sg=30;43:ca=30;41:tw=30;42:ow=34;42:st=37;44:ex=01;32:*.tar=01;31:*.tgz=01;31:*.arc=01;31:*.arj=01;31:*.taz=01;31:*.lha=01;31:*.lz4=01;31:*.lzh=01;31:*.lzma=01;31:*.tlz=01;31:*.txz=01;31:*.tzo=01;31:*.t7z=01;31:*.zip=01;31:*.z=01;31:*.Z=01;31:*.dz=01;31:*.gz=01;31:*.lrz=01;31:*.lz=01;31:*.lzo=01;31:*.xz=01;31:*.zst=01;31:*.tzst=01;31:*.bz2=01;31:*.bz=01;31:*.tbz=01;31:*.tbz2=01;31:*.tz=01;31:*.deb=01;31:*.rpm=01;31:*.jar=01;31:*.war=01;31:*.ear=01;31:*.sar=01;31:*.rar=01;31:*.alz=01;31:*.ace=01;31:*.zoo=01;31:*.cpio=01;31:*.7z=01;31:*.rz=01;31:*.cab=01;31:*.wim=01;31:*.swm=01;31:*.dwm=01;31:*.esd=01;31:*.jpg=01;35:*.jpeg=01;35:*.mjpg=01;35:*.mjpeg=01;35:*.gif=01;35:*.bmp=01;35:*.pbm=01;35:*.pgm=01;35:*.ppm=01;35:*.tga=01;35:*.xbm=01;35:*.xpm=01;35:*.tif=01;35:*.tiff=01;35:*.png=01;35:*.svg=01;35:*.svgz=01;35:*.mng=01;35:*.pcx=01;35:*.mov=01;35:*.mpg=01;35:*.mpeg=01;35:*.m2v=01;35:*.mkv=01;35:*.webm=01;35:*.ogm=01;35:*.mp4=01;35:*.m4v=01;35:*.mp4v=01;35:*.vob=01;35:*.qt=01;35:*.nuv=01;35:*.wmv=01;35:*.asf=01;35:*.rm=01;35:*.rmvb=01;35:*.flc=01;35:*.avi=01;35:*.fli=01;35:*.flv=01;35:*.gl=01;35:*.dl=01;35:*.xcf=01;35:*.xwd=01;35:*.yuv=01;35:*.cgm=01;35:*.emf=01;35:*.ogv=01;35:*.ogx=01;35:*.aac=00;36:*.au=00;36:*.flac=00;36:*.m4a=00;36:*.mid=00;36:*.midi=00;36:*.mka=00;36:*.mp3=00;36:*.mpc=00;36:*.ogg=00;36:*.ra=00;36:*.wav=00;36:*.oga=00;36:*.opus=00;36:*.spx=00;36:*.xspf=00;36:",
    "SSH_CONNECTION": "95.189.138.205 49242 77.222.60.47 22",
    "LESSCLOSE": "/usr/bin/lesspipe %s %s",
    "LANG": "ru_RU.UTF-8",
    "XDG_SESSION_ID": "1",
    "USER": "root",
    "PWD": "/var/www/www-root/data/www/azino-case.com/bot",
    "HOME": "/root",
    "SSH_CLIENT": "95.189.138.205 49242 22",
    "XDG_DATA_DIRS": "/usr/local/share:/usr/share:/var/lib/snapd/desktop",
    "SSH_TTY": "/dev/pts/0",
    "MAIL": "/var/mail/root",
    "TERM": "xterm-256color",
    "SHELL": "/bin/bash",
    "SHLVL": "1",
    "LOGNAME": "root",
    "XDG_RUNTIME_DIR": "/run/user/0",
    "PATH": "/usr/local/sbin:/usr/local/bin:/usr/sbin:/usr/bin:/sbin:/bin:/usr/games:/usr/local/games:/snap/bin",
    "LESSOPEN": "| /usr/bin/lesspipe %s",
    "_": "/usr/local/bin/node",
    "OLDPWD": "/var/www/www-root/data/www/azino-case.com"
  },
  "userLimits": {
    "core_file_size_blocks": {
      "soft": 0,
      "hard": "unlimited"
    },
    "data_seg_size_kbytes": {
      "soft": "unlimited",
      "hard": "unlimited"
    },
    "file_size_blocks": {
      "soft": "unlimited",
      "hard": "unlimited"
    },
    "max_locked_memory_bytes": {
      "soft": 16777216,
      "hard": 16777216
    },
    "max_memory_size_kbytes": {
      "soft": "unlimited",
      "hard": "unlimited"
    },
    "open_files": {
      "soft": 1048576,
      "hard": 1048576
    },
    "stack_size_bytes": {
      "soft": 8388608,
      "hard": "unlimited"
    },
    "cpu_time_seconds": {
      "soft": "unlimited",
      "hard": "unlimited"
    },
    "max_user_processes": {
      "soft": 7728,
      "hard": 7728
    },
    "virtual_memory_kbytes": {
      "soft": "unlimited",
      "hard": "unlimited"
    }
  },
  "sharedObjects": [
    "linux-vdso.so.1",
    "/lib/x86_64-linux-gnu/libdl.so.2",
    "/usr/lib/x86_64-linux-gnu/libstdc++.so.6",
    "/lib/x86_64-linux-gnu/libm.so.6",
    "/lib/x86_64-linux-gnu/libgcc_s.so.1",
    "/lib/x86_64-linux-gnu/libpthread.so.0",
    "/lib/x86_64-linux-gnu/libc.so.6",
    "/lib64/ld-linux-x86-64.so.2",
    "/lib/x86_64-linux-gnu/libnss_files.so.2"
  ]
}