-- phpMyAdmin SQL Dump
-- version 5.0.2
-- https://www.phpmyadmin.net/
--
-- Хост: mysql
-- Время создания: Авг 28 2020 г., 15:48
-- Версия сервера: 8.0.21
-- Версия PHP: 7.4.8

SET SQL_MODE = "NO_AUTO_VALUE_ON_ZERO";
START TRANSACTION;
SET time_zone = "+00:00";


/*!40101 SET @OLD_CHARACTER_SET_CLIENT=@@CHARACTER_SET_CLIENT */;
/*!40101 SET @OLD_CHARACTER_SET_RESULTS=@@CHARACTER_SET_RESULTS */;
/*!40101 SET @OLD_COLLATION_CONNECTION=@@COLLATION_CONNECTION */;
/*!40101 SET NAMES utf8mb4 */;

--
-- База данных: `laravel`
--

-- --------------------------------------------------------

--
-- Структура таблицы `cards`
--

CREATE TABLE `cards` (
  `id` bigint UNSIGNED NOT NULL,
  `name` varchar(255) CHARACTER SET utf8mb4 COLLATE utf8mb4_unicode_ci NOT NULL,
  `cost` decimal(11,2) NOT NULL,
  `chance` int NOT NULL,
  `created_at` timestamp NULL DEFAULT NULL,
  `updated_at` timestamp NULL DEFAULT NULL
) ENGINE=InnoDB DEFAULT CHARSET=utf8mb4 COLLATE=utf8mb4_unicode_ci;

--
-- Дамп данных таблицы `cards`
--

INSERT INTO `cards` (`id`, `name`, `cost`, `chance`, `created_at`, `updated_at`) VALUES
(11, 'Eggs', '1.00', 100, NULL, '2020-04-27 02:20:01'),
(12, 'Runes', '2.00', 13, NULL, '2020-02-16 05:17:14'),
(13, 'Alchemy', '5.00', 3, NULL, '2020-02-26 07:57:40'),
(14, 'Mayan', '10.00', 4, NULL, '2020-02-26 07:57:47'),
(15, 'Robbery', '20.00', 20, NULL, '2020-02-10 14:13:54'),
(16, 'Mafia', '30.00', 20, NULL, '2020-05-05 05:31:05'),
(17, 'Pharaoh', '50.00', 0, NULL, '2020-05-05 05:30:59'),
(18, 'Treasures', '100.00', 91, NULL, '2020-05-05 05:31:52');

-- --------------------------------------------------------

--
-- Структура таблицы `failed_jobs`
--

CREATE TABLE `failed_jobs` (
  `id` bigint UNSIGNED NOT NULL,
  `connection` text CHARACTER SET utf8mb4 COLLATE utf8mb4_unicode_ci NOT NULL,
  `queue` text CHARACTER SET utf8mb4 COLLATE utf8mb4_unicode_ci NOT NULL,
  `payload` longtext CHARACTER SET utf8mb4 COLLATE utf8mb4_unicode_ci NOT NULL,
  `exception` longtext CHARACTER SET utf8mb4 COLLATE utf8mb4_unicode_ci NOT NULL,
  `failed_at` timestamp NOT NULL DEFAULT CURRENT_TIMESTAMP
) ENGINE=InnoDB DEFAULT CHARSET=utf8mb4 COLLATE=utf8mb4_unicode_ci;

-- --------------------------------------------------------

--
-- Структура таблицы `games`
--

CREATE TABLE `games` (
  `id` bigint UNSIGNED NOT NULL,
  `user` int NOT NULL,
  `drop_item` int NOT NULL,
  `card` int NOT NULL,
  `general_game` int NOT NULL,
  `created_at` timestamp NULL DEFAULT NULL,
  `updated_at` timestamp NULL DEFAULT NULL
) ENGINE=InnoDB DEFAULT CHARSET=utf8mb4 COLLATE=utf8mb4_unicode_ci;

-- --------------------------------------------------------

--
-- Структура таблицы `items`
--

CREATE TABLE `items` (
  `id` bigint UNSIGNED NOT NULL,
  `card` int NOT NULL,
  `cost` float(11,2) NOT NULL,
  `type` int NOT NULL,
  `created_at` timestamp NULL DEFAULT NULL,
  `updated_at` timestamp NULL DEFAULT NULL
) ENGINE=InnoDB DEFAULT CHARSET=utf8mb4 COLLATE=utf8mb4_unicode_ci;

--
-- Дамп данных таблицы `items`
--

INSERT INTO `items` (`id`, `card`, `cost`, `type`, `created_at`, `updated_at`) VALUES
(1, 11, 0.10, 0, NULL, '2018-01-20 19:07:30'),
(2, 11, 0.30, 0, NULL, '2018-01-17 08:56:50'),
(3, 11, 0.50, 0, NULL, '2018-01-17 08:56:50'),
(4, 11, 0.70, 0, NULL, '2018-01-17 08:56:50'),
(5, 11, 0.90, 0, NULL, '2020-01-28 15:14:20'),
(6, 11, 1.50, 0, NULL, '2018-01-17 08:56:50'),
(7, 11, 2.00, 0, NULL, '2018-01-17 08:56:50'),
(8, 11, 3.00, 0, NULL, '2018-01-17 08:56:50'),
(9, 11, 4.00, 0, NULL, '2018-01-17 08:56:50'),
(10, 11, 5.00, 0, NULL, '2018-01-17 08:56:50'),
(13, 12, 0.10, 0, NULL, '2020-01-28 14:55:34'),
(14, 12, 0.30, 0, NULL, '2020-01-28 14:56:07'),
(15, 12, 0.50, 0, NULL, '2020-01-28 14:56:36'),
(16, 12, 0.70, 0, NULL, '2020-01-28 14:57:35'),
(17, 12, 1.00, 0, NULL, '2020-01-28 14:57:51'),
(18, 12, 1.50, 0, NULL, '2020-01-28 14:58:24'),
(19, 12, 2.00, 0, NULL, '2020-01-28 14:58:34'),
(20, 12, 3.00, 0, NULL, '2020-01-28 14:58:42'),
(21, 12, 4.00, 0, NULL, '2020-01-28 14:58:55'),
(22, 12, 5.00, 0, NULL, '2020-01-28 14:59:06'),
(23, 12, 8.00, 0, NULL, '2020-01-28 14:59:31'),
(24, 12, 10.00, 0, NULL, '2020-01-28 14:59:45'),
(25, 13, 1.00, 0, NULL, '2018-01-17 09:11:57'),
(26, 13, 1.50, 0, NULL, '2020-02-03 04:04:00'),
(27, 13, 2.00, 0, NULL, '2020-02-03 04:04:11'),
(28, 13, 2.50, 0, NULL, '2020-02-03 04:04:25'),
(29, 13, 3.00, 0, NULL, '2020-02-03 04:04:41'),
(30, 13, 4.00, 0, NULL, '2020-02-03 04:04:52'),
(31, 13, 5.00, 0, NULL, '2020-02-03 04:05:02'),
(32, 13, 7.00, 0, NULL, '2020-02-03 04:05:19'),
(33, 13, 8.00, 0, NULL, '2020-02-03 04:06:15'),
(34, 13, 10.00, 0, NULL, '2020-02-03 04:06:24'),
(35, 13, 20.00, 0, NULL, '2020-02-03 04:06:35'),
(36, 13, 25.00, 0, NULL, '2020-02-03 04:06:48'),
(37, 14, 1.00, 0, NULL, '2020-02-03 04:08:05'),
(38, 14, 1.50, 0, NULL, '2020-02-03 04:08:18'),
(39, 14, 2.00, 0, NULL, '2020-02-03 04:08:37'),
(40, 14, 2.50, 0, NULL, '2020-02-03 04:08:48'),
(41, 14, 3.00, 0, NULL, '2020-02-03 04:08:57'),
(42, 14, 4.00, 0, NULL, '2020-02-03 04:09:09'),
(43, 14, 5.00, 0, NULL, '2020-02-03 04:09:17'),
(44, 14, 7.00, 0, NULL, '2020-02-03 04:09:25'),
(45, 14, 10.00, 0, NULL, '2020-02-03 04:09:42'),
(46, 14, 20.00, 0, NULL, '2020-02-03 04:09:53'),
(47, 14, 25.00, 0, NULL, '2020-02-03 04:10:10'),
(48, 14, 50.00, 0, NULL, '2020-02-03 04:10:27'),
(49, 15, 3.00, 0, NULL, '2018-01-17 09:19:22'),
(50, 15, 4.00, 0, NULL, '2018-01-17 09:19:22'),
(51, 15, 5.00, 0, NULL, '2018-01-17 09:19:22'),
(52, 15, 7.00, 0, NULL, '2018-01-17 09:19:22'),
(53, 15, 10.00, 0, NULL, '2018-01-17 09:19:22'),
(54, 15, 15.00, 0, NULL, '2018-01-17 09:19:22'),
(55, 15, 20.00, 0, NULL, '2018-01-17 09:19:22'),
(56, 15, 3.00, 0, NULL, '2020-02-03 04:14:11'),
(57, 15, 40.00, 0, NULL, '2020-02-03 04:14:21'),
(58, 15, 50.00, 0, NULL, '2020-02-03 04:14:31'),
(59, 15, 70.00, 0, NULL, '2020-02-03 04:14:49'),
(60, 15, 80.00, 0, NULL, '2020-02-03 04:15:02'),
(61, 16, 5.00, 0, NULL, '2018-01-17 09:23:28'),
(62, 16, 8.00, 0, NULL, '2018-01-17 09:23:28'),
(63, 16, 10.00, 0, NULL, '2018-01-17 09:23:28'),
(64, 16, 15.00, 0, NULL, '2018-01-17 09:23:28'),
(65, 16, 20.00, 0, NULL, '2018-01-17 09:23:28'),
(66, 16, 25.00, 0, NULL, '2018-01-17 09:23:28'),
(67, 16, 30.00, 0, NULL, '2018-01-17 09:23:28'),
(68, 16, 50.00, 0, NULL, '2020-02-03 04:15:47'),
(69, 16, 60.00, 0, NULL, '2020-02-03 04:16:04'),
(70, 16, 80.00, 0, NULL, '2020-02-03 04:16:17'),
(71, 16, 100.00, 0, NULL, '2020-02-03 04:16:26'),
(72, 16, 150.00, 0, NULL, '2020-02-03 04:16:41'),
(73, 17, 10.00, 0, NULL, '2018-01-17 09:30:02'),
(74, 17, 15.00, 0, NULL, '2018-01-17 09:30:02'),
(75, 17, 20.00, 0, NULL, '2018-01-17 09:30:02'),
(76, 17, 25.00, 0, NULL, '2018-01-17 09:30:02'),
(77, 17, 30.00, 0, NULL, '2018-01-17 09:30:02'),
(78, 17, 40.00, 0, NULL, '2018-01-17 09:30:02'),
(79, 17, 50.00, 0, NULL, '2018-01-17 09:30:02'),
(80, 17, 70.00, 0, NULL, '2020-02-03 04:18:02'),
(81, 17, 100.00, 0, NULL, '2020-02-03 04:18:16'),
(82, 17, 150.00, 0, NULL, '2020-02-03 04:18:27'),
(83, 17, 200.00, 0, NULL, '2020-02-03 04:18:40'),
(84, 17, 250.00, 0, NULL, '2020-02-03 04:18:50'),
(85, 18, 30.00, 0, NULL, '2020-04-27 06:25:17'),
(86, 18, 40.00, 0, NULL, '2018-01-17 09:36:40'),
(87, 18, 50.00, 0, NULL, '2018-01-17 09:36:40'),
(88, 18, 60.00, 0, NULL, '2018-01-17 09:36:40'),
(89, 18, 70.00, 0, NULL, '2018-01-17 09:36:40'),
(90, 18, 80.00, 0, NULL, '2018-01-17 09:36:40'),
(91, 18, 100.00, 0, NULL, '2020-02-03 04:19:45'),
(92, 18, 200.00, 0, NULL, '2020-02-03 04:19:57'),
(93, 18, 250.00, 0, NULL, '2020-02-03 04:20:08'),
(94, 18, 300.00, 0, NULL, '2020-02-03 04:20:18'),
(95, 18, 400.00, 0, NULL, '2020-02-03 04:20:29'),
(96, 18, 500.00, 0, NULL, '2020-02-03 04:20:40'),
(97, 11, 2.50, 0, '2020-01-28 15:14:48', '2020-01-28 15:15:11'),
(98, 11, 1.00, 1, '2020-01-28 15:17:25', '2020-01-28 15:17:25');

-- --------------------------------------------------------

--
-- Структура таблицы `migrations`
--

CREATE TABLE `migrations` (
  `id` int UNSIGNED NOT NULL,
  `migration` varchar(255) CHARACTER SET utf8mb4 COLLATE utf8mb4_unicode_ci NOT NULL,
  `batch` int NOT NULL
) ENGINE=InnoDB DEFAULT CHARSET=utf8mb4 COLLATE=utf8mb4_unicode_ci;

--
-- Дамп данных таблицы `migrations`
--

INSERT INTO `migrations` (`id`, `migration`, `batch`) VALUES
(1, '2014_10_12_000000_create_users_table', 1),
(2, '2014_10_12_100000_create_password_resets_table', 1),
(3, '2015_07_22_115516_create_ticketit_tables', 1),
(4, '2015_07_22_123254_alter_users_table', 1),
(5, '2015_09_29_123456_add_completed_at_column_to_ticketit_table', 1),
(6, '2015_10_08_123457_create_settings_table', 1),
(7, '2016_01_15_002617_add_htmlcontent_to_ticketit_and_comments', 1),
(8, '2016_01_15_040207_enlarge_settings_columns', 1),
(9, '2016_01_15_120557_add_indexes', 1),
(10, '2019_08_19_000000_create_failed_jobs_table', 1),
(11, '2020_01_12_062116_creat_cards_table', 1),
(12, '2020_01_12_062125_creat_games_table', 1),
(13, '2020_01_12_062132_creat_items_table', 1),
(14, '2020_01_12_062202_creat_operations_table', 1),
(15, '2020_01_12_062211_creat_reviews_table', 1),
(16, '2020_01_12_062218_creat_settings_table', 1),
(17, '2020_01_12_064644_update_users_table', 1),
(19, '2020_01_14_092356_update_operations_table', 2),
(22, '2020_04_08_065301_add_user_role', 3),
(38, '2020_04_26_202148_create_ticket_categories_table', 4),
(39, '2020_04_26_202158_create_ticket_templates_table', 4),
(40, '2020_04_26_202211_create_tickets_table', 4),
(41, '2020_04_26_202606_create_ticket_attachments_table', 4),
(42, '2020_04_27_082815_create_sites_table', 4),
(44, '2020_04_27_082855_create_site_card_image_table', 4),
(45, '2020_04_27_082904_create_site_item_image_table', 4),
(46, '2020_05_04_131921_create_sessions_table', 5),
(47, '2020_05_05_102507_create_site_card_names_table', 5);

-- --------------------------------------------------------

--
-- Структура таблицы `operations`
--

CREATE TABLE `operations` (
  `id` bigint UNSIGNED NOT NULL,
  `amount` int NOT NULL,
  `user` int NOT NULL,
  `type` int NOT NULL,
  `status` int NOT NULL,
  `ref_user` int DEFAULT NULL,
  `timestamp` timestamp NULL DEFAULT NULL,
  `koshelek` varchar(255) CHARACTER SET utf8mb4 COLLATE utf8mb4_unicode_ci DEFAULT NULL,
  `nomer` varchar(255) CHARACTER SET utf8mb4 COLLATE utf8mb4_unicode_ci DEFAULT NULL,
  `created_at` timestamp NULL DEFAULT NULL,
  `updated_at` timestamp NULL DEFAULT NULL,
  `swift` tinyint(1) NOT NULL DEFAULT '0',
  `tax` tinyint(1) NOT NULL DEFAULT '0',
  `is_swift` tinyint(1) NOT NULL DEFAULT '0',
  `is_tax` tinyint(1) NOT NULL DEFAULT '0',
  `is_fake` tinyint(1) NOT NULL DEFAULT '0',
  `operation` bigint NOT NULL DEFAULT '0'
) ENGINE=InnoDB DEFAULT CHARSET=utf8mb4 COLLATE=utf8mb4_unicode_ci;

-- --------------------------------------------------------

--
-- Структура таблицы `password_resets`
--

CREATE TABLE `password_resets` (
  `email` varchar(255) CHARACTER SET utf8mb4 COLLATE utf8mb4_unicode_ci NOT NULL,
  `token` varchar(255) CHARACTER SET utf8mb4 COLLATE utf8mb4_unicode_ci NOT NULL,
  `created_at` timestamp NULL DEFAULT NULL
) ENGINE=InnoDB DEFAULT CHARSET=utf8mb4 COLLATE=utf8mb4_unicode_ci;

-- --------------------------------------------------------

--
-- Структура таблицы `reviews`
--

CREATE TABLE `reviews` (
  `id` bigint UNSIGNED NOT NULL,
  `user_name` varchar(255) CHARACTER SET utf8mb4 COLLATE utf8mb4_unicode_ci NOT NULL,
  `user_link` varchar(255) CHARACTER SET utf8mb4 COLLATE utf8mb4_unicode_ci NOT NULL,
  `user_avatar` varchar(255) CHARACTER SET utf8mb4 COLLATE utf8mb4_unicode_ci NOT NULL,
  `text` text CHARACTER SET utf8mb4 COLLATE utf8mb4_unicode_ci NOT NULL,
  `photo` varchar(255) CHARACTER SET utf8mb4 COLLATE utf8mb4_unicode_ci NOT NULL,
  `opinion_link` varchar(255) CHARACTER SET utf8mb4 COLLATE utf8mb4_unicode_ci NOT NULL,
  `created_at` timestamp NULL DEFAULT NULL,
  `updated_at` timestamp NULL DEFAULT NULL
) ENGINE=InnoDB DEFAULT CHARSET=utf8mb4 COLLATE=utf8mb4_unicode_ci;

-- --------------------------------------------------------

--
-- Структура таблицы `sessions`
--

CREATE TABLE `sessions` (
  `id` varchar(255) CHARACTER SET utf8mb4 COLLATE utf8mb4_unicode_ci NOT NULL,
  `user_id` bigint UNSIGNED DEFAULT NULL,
  `ip_address` varchar(45) CHARACTER SET utf8mb4 COLLATE utf8mb4_unicode_ci DEFAULT NULL,
  `user_agent` text CHARACTER SET utf8mb4 COLLATE utf8mb4_unicode_ci,
  `payload` text CHARACTER SET utf8mb4 COLLATE utf8mb4_unicode_ci NOT NULL,
  `last_activity` int NOT NULL
) ENGINE=InnoDB DEFAULT CHARSET=utf8mb4 COLLATE=utf8mb4_unicode_ci;

-- --------------------------------------------------------

--
-- Структура таблицы `settings`
--

CREATE TABLE `settings` (
  `id` bigint UNSIGNED NOT NULL,
  `min_dep` int NOT NULL,
  `min_width` int NOT NULL,
  `ref_percent` int NOT NULL,
  `vk_group` varchar(255) CHARACTER SET utf8mb4 COLLATE utf8mb4_unicode_ci NOT NULL,
  `vk_token` varchar(255) CHARACTER SET utf8mb4 COLLATE utf8mb4_unicode_ci NOT NULL,
  `payment_type` int NOT NULL,
  `fk_id` int NOT NULL,
  `fk_secret1` varchar(255) CHARACTER SET utf8mb4 COLLATE utf8mb4_unicode_ci NOT NULL,
  `fk_secret2` varchar(255) CHARACTER SET utf8mb4 COLLATE utf8mb4_unicode_ci NOT NULL,
  `pt_shopid` varchar(255) CHARACTER SET utf8mb4 COLLATE utf8mb4_unicode_ci NOT NULL,
  `pt_secret` varchar(255) CHARACTER SET utf8mb4 COLLATE utf8mb4_unicode_ci NOT NULL,
  `payeer_shopid` varchar(255) CHARACTER SET utf8mb4 COLLATE utf8mb4_unicode_ci DEFAULT NULL,
  `payeer_secret` varchar(255) CHARACTER SET utf8mb4 COLLATE utf8mb4_unicode_ci DEFAULT NULL,
  `created_text` text CHARACTER SET utf8mb4 COLLATE utf8mb4_unicode_ci,
  `created_at` timestamp NULL DEFAULT NULL,
  `updated_at` timestamp NULL DEFAULT NULL
) ENGINE=InnoDB DEFAULT CHARSET=utf8mb4 COLLATE=utf8mb4_unicode_ci;

--
-- Дамп данных таблицы `settings`
--

INSERT INTO `settings` (`id`, `min_dep`, `min_width`, `ref_percent`, `vk_group`, `vk_token`, `payment_type`, `fk_id`, `fk_secret1`, `fk_secret2`, `pt_shopid`, `pt_secret`, `payeer_shopid`, `payeer_secret`, `created_text`, `created_at`, `updated_at`) VALUES
(1, 250, 1500, 5, 'https://vk.com/', '11', 0, 181471, 'u7i7xqnk', 'k2lsk6tc', 'df', 'dsf', '921357081', 'JvgV3F2@cLc7BHm', 'Переходите на Главную страницу сайта. Перед вами список всех доступных игр.У вас на счету 600 долларов. Большую часть времени вы будете тратить на проигрыш игрового баланса, но самым важным моментом будет игра после проигрыша, по схеме которая описана ниже. \r\nЭТАП 1. Заходите в игру ALHEMY (Алхимия), первоначальная ставка в игре 5 долларов, с некоторым увеличением второй и третьей ставки, это нормально, так и должно быть. В самой игре есть 12 ячеек, вы можете делать ставки и открывать любые ячейки. Суть первого этапа - изобразить обычную игру с проигрышем, для этого нам ничего не нужно кроме как просто открывать ячейки и постепенно проигрывать игровой баланс. Нужно, открывая ячейки, уменьшить баланс до 230-240 долларов. \r\n ЭТАП 2. После того как будет достигнут этот результат, из игры Алхимия мы выходим и переходим в игру TREASURE (КЛАД). ПЕРЕХОДИМ В ИГРУ И НАЧИНАЕМ ИГРАТЬ МГНОВЕННО, ЭТО ОЧЕНЬ ВАЖНО! В этой игре самая дорогая ставка которая есть на сайте и в игре Клад нужно все сделать максимально быстро и четко, по сути только здесь мы и зарабатываем. Итак - вошли в игру Клад, ставка 100 долларов. СТАВИМ ПО ОЧЕРЕДИ В ПОСЛЕДНЮЮ ЯЧЕЙКУ ПЕРВОГО, ВТОРОГО И ТРЕТЬЕГО РЯДА! ЕСЛИ ВЫ РАБОТАЕТЕ С ТЕЛЕФОНА - РЯДОВ БУДЕТ ЧЕТЫРЕ. ТО ЕСТЬ СТАВКА ПРОИСХОДИТ ПО ЛИНИИ ПЕРПЕНДИКУЛЯРНО ВНИЗ. ПОСЛЕ ТОГО КАК СДЕЛАНЫ СТАВКИ В ПОСЛЕДНЮЮ ЯЧЕЙКУ ВСЕХ ЛИНИЙ, ВОЗВРАЩАЕМСЯ СНОВА В ПЕРВУЮ СТРОКУ И ПРОДОЛЖАЕМ ДЕЛАТЬ ТОЖЕ САМОЕ. ДЕЛАЕМ СТАВКИ В ТАКОМ ФОРМАТЕ ДО ДОСТИЖЕНИЯ СУММЫ 1700-1900 ДОЛЛАРОВ И ОСТАНАВЛИВАЕМСЯ! \r\nЭТАП 3. Возвращаемся в игру ALHEMY (Алхимия). Снова делаем рандомные ставки на любые ячейки по 5 долларов, цель - проиграть 500 долларов.\r\nЭТАП 4. Снова идем в игру TREASURE (КЛАД). СТАВИМ ПО ОЧЕРЕДИ В ПОСЛЕДНИЕ ЯЧЕЙКИ ВСЕХ ИГРОВЫХ РЯДОВ. ТО ЕСТЬ СТАВКА ПРОИСХОДИТ ПО ЛИНИИ ПЕРПЕНДИКУЛЯРНО ВНИЗ. ПОСЛЕ ТОГО КАК СДЕЛАНЫ СТАВКИ ВО ВСЕ ПОСЛЕДНИЕ ЯЧЕЙКИ ВСЕХ ТРЕХ СТРОК, ВОЗВРАЩАЕМСЯ СНОВА В ПЕРВУЮ СТРОКУ И ПРОДОЛЖАЕМ ДЕЛАТЬ ТОЖЕ САМОЕ. ДЕЛАЕМ СТАВКИ В ТАКОМ ФОРМАТЕ ДО ДОСТИЖЕНИЯ СУММЫ 3000-3300 ДОЛЛАРОВ И ОСТАНАВЛИВАЕМСЯ! Если вы достигли нужной, значит все было сделано правильно, мои поздравления. Как видите, ничего сложного если строго выполнять все инструкции. Первый день закончен.отпишитесь мне по результатам игры и конечной выигрышной сумме которая сейчас есть на балансе. УДАЧНОЙ ИГРЫ', NULL, '2020-05-06 22:29:15'),
(2, 2500, 1500, 5, 'https://vk.com/', '11', 0, 181471, 'u7i7xqnk', 'k2lsk6tc', '921357081', 'JvgV3F2@cLc7BHm', NULL, NULL, 'Переходите на Главную страницу сайта. Перед вами список всех доступных игр.У вас на счету 600 долларов. Большую часть времени вы будете тратить на проигрыш игрового баланса, но самым важным моментом будет игра после проигрыша, по схеме которая описана ниже. \r\n', NULL, '2020-05-06 22:07:14');

-- --------------------------------------------------------

--
-- Структура таблицы `sites`
--

CREATE TABLE `sites` (
  `id` int UNSIGNED NOT NULL,
  `title` varchar(255) CHARACTER SET utf8mb4 COLLATE utf8mb4_unicode_ci NOT NULL,
  `url` varchar(255) CHARACTER SET utf8mb4 COLLATE utf8mb4_unicode_ci NOT NULL,
  `folder` varchar(255) CHARACTER SET utf8mb4 COLLATE utf8mb4_unicode_ci NOT NULL,
  `created_at` timestamp NULL DEFAULT NULL,
  `updated_at` timestamp NULL DEFAULT NULL
) ENGINE=InnoDB DEFAULT CHARSET=utf8mb4 COLLATE=utf8mb4_unicode_ci;

--
-- Дамп данных таблицы `sites`
--

INSERT INTO `sites` (`id`, `title`, `url`, `folder`, `created_at`, `updated_at`) VALUES
(1, 'GoldenMines', 'http://goldenmin.ru', 'goldenmines', NULL, NULL);

-- --------------------------------------------------------

--
-- Структура таблицы `site_card_image`
--

CREATE TABLE `site_card_image` (
  `id` bigint UNSIGNED NOT NULL,
  `site_id` bigint NOT NULL,
  `card_id` bigint NOT NULL,
  `image` varchar(255) CHARACTER SET utf8mb4 COLLATE utf8mb4_unicode_ci NOT NULL,
  `item_image` varchar(255) CHARACTER SET utf8mb4 COLLATE utf8mb4_unicode_ci DEFAULT NULL,
  `created_at` timestamp NULL DEFAULT NULL,
  `updated_at` timestamp NULL DEFAULT NULL
) ENGINE=InnoDB DEFAULT CHARSET=utf8mb4 COLLATE=utf8mb4_unicode_ci;

--
-- Дамп данных таблицы `site_card_image`
--

INSERT INTO `site_card_image` (`id`, `site_id`, `card_id`, `image`, `item_image`, `created_at`, `updated_at`) VALUES
(1, 1, 11, '/img/covers/11.jpg', '/img/items/11.png', '2020-04-27 11:37:44', '2020-04-27 11:37:44'),
(2, 1, 12, '/img/covers/12.jpg', '/img/items/12.png', '2020-04-27 11:37:44', '2020-04-27 11:37:44'),
(3, 1, 13, '/img/covers/13.jpg', '/img/items/13.png', '2020-04-27 11:37:44', '2020-04-27 11:37:44'),
(4, 1, 14, '/img/covers/14.jpg', '/img/items/14.png', '2020-04-27 11:37:44', '2020-04-27 11:37:44'),
(5, 1, 15, '/img/covers/15.jpg', '/img/items/15.png', '2020-04-27 11:37:44', '2020-04-27 11:37:44'),
(6, 1, 16, '/img/covers/16.jpg', '/img/items/16.png', '2020-04-27 11:37:44', '2020-05-05 05:31:05'),
(7, 1, 17, '/img/covers/17.jpg', '/img/items/17.png', '2020-04-27 11:37:44', '2020-05-05 05:30:59'),
(8, 1, 18, '/img/covers/18.jpg', '/img/items/18.png', '2020-04-27 11:37:44', '2020-05-05 05:31:52'),
(16, 2, 11, '/img/covers/11.jpg', '/img/items/11.png', '2020-04-27 11:37:44', '2020-04-27 11:37:44'),
(17, 2, 12, '/img/covers/12.jpg', '/img/items/12.png', '2020-04-27 11:37:44', '2020-04-27 11:37:44'),
(18, 2, 13, '/img/covers/13.jpg', '/img/items/13.png', '2020-04-27 11:37:44', '2020-04-27 11:37:44'),
(19, 2, 14, '/img/covers/14.jpg', '/img/items/14.png', '2020-04-27 11:37:44', '2020-04-27 11:37:44'),
(20, 2, 15, '/img/covers/15.jpg', '/img/items/15.png', '2020-04-27 11:37:44', '2020-04-27 11:37:44'),
(21, 2, 16, '/img/covers/16.jpg', '/img/items/16.png', '2020-04-27 11:37:44', '2020-04-27 11:37:44'),
(22, 2, 17, '/img/covers/17.jpg', '/img/items/17.png', '2020-04-27 11:37:44', '2020-04-27 11:37:44'),
(23, 2, 18, '/img/covers/18.jpg', '/img/items/18.png', '2020-04-27 11:37:44', '2020-04-27 11:37:44');

-- --------------------------------------------------------

--
-- Структура таблицы `site_card_names`
--

CREATE TABLE `site_card_names` (
  `id` bigint UNSIGNED NOT NULL,
  `site_id` bigint NOT NULL,
  `card_id` bigint NOT NULL,
  `language_id` char(255) CHARACTER SET utf8mb4 COLLATE utf8mb4_unicode_ci NOT NULL,
  `name` varchar(255) CHARACTER SET utf8mb4 COLLATE utf8mb4_unicode_ci NOT NULL,
  `created_at` timestamp NULL DEFAULT NULL,
  `updated_at` timestamp NULL DEFAULT NULL
) ENGINE=InnoDB DEFAULT CHARSET=utf8mb4 COLLATE=utf8mb4_unicode_ci;

--
-- Дамп данных таблицы `site_card_names`
--

INSERT INTO `site_card_names` (`id`, `site_id`, `card_id`, `language_id`, `name`, `created_at`, `updated_at`) VALUES
(1, 1, 11, 'ru', 'Eggs', '2020-05-05 11:29:23', '2020-05-05 11:29:23'),
(2, 1, 12, 'ru', 'Runes', '2020-05-05 11:29:23', '2020-05-05 11:29:23'),
(3, 1, 13, 'ru', 'Alchemy', '2020-05-05 11:29:23', '2020-05-05 11:29:23'),
(4, 1, 14, 'ru', 'Mayan', '2020-05-05 11:29:23', '2020-05-05 11:29:23'),
(5, 1, 15, 'ru', 'Robbery', '2020-05-05 11:29:23', '2020-05-05 11:29:23'),
(6, 1, 16, 'ru', 'Mafia', '2020-05-05 11:29:23', '2020-05-05 05:31:05'),
(7, 1, 17, 'ru', 'Pharaoh', '2020-05-05 11:29:23', '2020-05-05 05:30:59'),
(8, 1, 18, 'ru', 'Сокровища', '2020-05-05 11:29:23', '2020-05-05 05:30:56'),
(16, 2, 11, 'ru', 'Eggs', '2020-05-05 11:29:36', '2020-05-05 11:29:36'),
(17, 2, 12, 'ru', 'Runes', '2020-05-05 11:29:36', '2020-05-05 11:29:36'),
(18, 2, 13, 'ru', 'Alchemy', '2020-05-05 11:29:36', '2020-05-05 11:29:36'),
(19, 2, 14, 'ru', 'Mayan', '2020-05-05 11:29:36', '2020-05-05 11:29:36'),
(20, 2, 15, 'ru', 'Robbery', '2020-05-05 11:29:36', '2020-05-05 11:29:36'),
(21, 2, 16, 'ru', 'Mafia', '2020-05-05 11:29:36', '2020-05-05 11:29:36'),
(22, 2, 17, 'ru', 'Pharaoh', '2020-05-05 11:29:36', '2020-05-05 11:29:36'),
(23, 2, 18, 'ru', 'Сокровища', '2020-05-05 11:29:36', '2020-05-05 11:29:36'),
(31, 1, 11, 'en', 'Eggs', '2020-05-05 11:29:45', '2020-05-05 11:29:45'),
(32, 1, 12, 'en', 'Runes', '2020-05-05 11:29:45', '2020-05-05 11:29:45'),
(33, 1, 13, 'en', 'Alchemy', '2020-05-05 11:29:45', '2020-05-05 11:29:45'),
(34, 1, 14, 'en', 'Mayan', '2020-05-05 11:29:45', '2020-05-05 11:29:45'),
(35, 1, 15, 'en', 'Robbery', '2020-05-05 11:29:45', '2020-05-05 11:29:45'),
(36, 1, 16, 'en', 'Mafia', '2020-05-05 11:29:45', '2020-05-05 11:29:45'),
(37, 1, 17, 'en', 'Pharaoh', '2020-05-05 11:29:45', '2020-05-05 11:29:45'),
(38, 1, 18, 'en', 'Treasures', '2020-05-05 11:29:45', '2020-05-05 05:31:52'),
(46, 2, 11, 'en', 'Eggs', '2020-05-05 11:29:56', '2020-05-05 11:29:56'),
(47, 2, 12, 'en', 'Runes', '2020-05-05 11:29:56', '2020-05-05 11:29:56'),
(48, 2, 13, 'en', 'Alchemy', '2020-05-05 11:29:56', '2020-05-05 11:29:56'),
(49, 2, 14, 'en', 'Mayan', '2020-05-05 11:29:56', '2020-05-05 11:29:56'),
(50, 2, 15, 'en', 'Robbery', '2020-05-05 11:29:56', '2020-05-05 11:29:56'),
(51, 2, 16, 'en', 'Mafia', '2020-05-05 11:29:56', '2020-05-05 11:29:56'),
(52, 2, 17, 'en', 'Pharaoh', '2020-05-05 11:29:56', '2020-05-05 11:29:56'),
(53, 2, 18, 'en', 'Сокровища', '2020-05-05 11:29:56', '2020-05-05 11:29:56');

-- --------------------------------------------------------

--
-- Структура таблицы `site_item_image`
--

CREATE TABLE `site_item_image` (
  `id` bigint UNSIGNED NOT NULL,
  `site_id` bigint NOT NULL,
  `item_id` bigint NOT NULL,
  `image` varchar(255) CHARACTER SET utf8mb4 COLLATE utf8mb4_unicode_ci NOT NULL,
  `created_at` timestamp NULL DEFAULT NULL,
  `updated_at` timestamp NULL DEFAULT NULL
) ENGINE=InnoDB DEFAULT CHARSET=utf8mb4 COLLATE=utf8mb4_unicode_ci;

--
-- Дамп данных таблицы `site_item_image`
--

INSERT INTO `site_item_image` (`id`, `site_id`, `item_id`, `image`, `created_at`, `updated_at`) VALUES
(1, 1, 1, '/img/coins/150/0_1.png', '2020-04-27 11:40:25', '2020-04-27 11:40:25'),
(2, 1, 2, '/img/coins/150/0_3.png', '2020-04-27 11:40:25', '2020-04-27 11:40:25'),
(3, 1, 3, '/img/coins/150/0_5.png', '2020-04-27 11:40:25', '2020-04-27 11:40:25'),
(4, 1, 4, '/img/coins/150/0_7.png', '2020-04-27 11:40:25', '2020-04-27 11:40:25'),
(5, 1, 5, '/img/coins/150/0_9.png', '2020-04-27 11:40:25', '2020-04-27 11:40:25'),
(6, 1, 6, '/img/coins/150/1_5.png', '2020-04-27 11:40:25', '2020-04-27 11:40:25'),
(7, 1, 7, '/img/coins/150/2.png', '2020-04-27 11:40:25', '2020-04-27 11:40:25'),
(8, 1, 8, '/img/coins/150/3.png', '2020-04-27 11:40:25', '2020-04-27 11:40:25'),
(9, 1, 9, '/img/coins/150/4.png', '2020-04-27 11:40:25', '2020-04-27 11:40:25'),
(10, 1, 10, '/img/coins/150/5.png', '2020-04-27 11:40:25', '2020-04-27 11:40:25'),
(11, 1, 13, '/img/coins/150/0_1.png', '2020-04-27 11:40:25', '2020-04-27 11:40:25'),
(12, 1, 14, '/img/coins/150/0_3.png', '2020-04-27 11:40:25', '2020-04-27 11:40:25'),
(13, 1, 15, '/img/coins/150/0_5.png', '2020-04-27 11:40:25', '2020-04-27 11:40:25'),
(14, 1, 16, '/img/coins/150/0_7.png', '2020-04-27 11:40:25', '2020-04-27 11:40:25'),
(15, 1, 17, '/img/coins/150/1.png', '2020-04-27 11:40:25', '2020-04-27 11:40:25'),
(16, 1, 18, '/img/coins/150/1_5.png', '2020-04-27 11:40:25', '2020-04-27 11:40:25'),
(17, 1, 19, '/img/coins/150/2.png', '2020-04-27 11:40:25', '2020-04-27 11:40:25'),
(18, 1, 20, '/img/coins/150/3.png', '2020-04-27 11:40:25', '2020-04-27 11:40:25'),
(19, 1, 21, '/img/coins/150/4.png', '2020-04-27 11:40:25', '2020-04-27 11:40:25'),
(20, 1, 22, '/img/coins/150/5.png', '2020-04-27 11:40:25', '2020-04-27 11:40:25'),
(21, 1, 23, '/img/coins/150/8.png', '2020-04-27 11:40:25', '2020-04-27 11:40:25'),
(22, 1, 24, '/img/coins/150/10.png', '2020-04-27 11:40:25', '2020-04-27 11:40:25'),
(23, 1, 25, '/img/coins/150/1.png', '2020-04-27 11:40:25', '2020-04-27 11:40:25'),
(24, 1, 26, '/img/coins/150/1_5.png', '2020-04-27 11:40:25', '2020-04-27 11:40:25'),
(25, 1, 27, '/img/coins/150/2.png', '2020-04-27 11:40:25', '2020-04-27 11:40:25'),
(26, 1, 28, '/img/coins/150/2_5.png', '2020-04-27 11:40:25', '2020-04-27 11:40:25'),
(27, 1, 29, '/img/coins/150/3.png', '2020-04-27 11:40:25', '2020-04-27 11:40:25'),
(28, 1, 30, '/img/coins/150/4.png', '2020-04-27 11:40:25', '2020-04-27 11:40:25'),
(29, 1, 31, '/img/coins/150/5.png', '2020-04-27 11:40:25', '2020-04-27 11:40:25'),
(30, 1, 32, '/img/coins/150/7.png', '2020-04-27 11:40:25', '2020-04-27 11:40:25'),
(31, 1, 33, '/img/coins/150/8.png', '2020-04-27 11:40:25', '2020-04-27 11:40:25'),
(32, 1, 34, '/img/coins/150/10.png', '2020-04-27 11:40:25', '2020-04-27 11:40:25'),
(33, 1, 35, '/img/coins/150/20.png', '2020-04-27 11:40:25', '2020-04-27 11:40:25'),
(34, 1, 36, '/img/coins/150/25.png', '2020-04-27 11:40:25', '2020-04-27 11:40:25'),
(35, 1, 37, '/img/coins/150/1.png', '2020-04-27 11:40:25', '2020-04-27 11:40:25'),
(36, 1, 38, '/img/coins/150/1_5.png', '2020-04-27 11:40:25', '2020-04-27 11:40:25'),
(37, 1, 39, '/img/coins/150/2.png', '2020-04-27 11:40:25', '2020-04-27 11:40:25'),
(38, 1, 40, '/img/coins/150/2_5.png', '2020-04-27 11:40:25', '2020-04-27 11:40:25'),
(39, 1, 41, '/img/coins/150/3.png', '2020-04-27 11:40:25', '2020-04-27 11:40:25'),
(40, 1, 42, '/img/coins/150/4.png', '2020-04-27 11:40:25', '2020-04-27 11:40:25'),
(41, 1, 43, '/img/coins/150/5.png', '2020-04-27 11:40:25', '2020-04-27 11:40:25'),
(42, 1, 44, '/img/coins/150/7.png', '2020-04-27 11:40:25', '2020-04-27 11:40:25'),
(43, 1, 45, '/img/coins/150/10.png', '2020-04-27 11:40:25', '2020-04-27 11:40:25'),
(44, 1, 46, '/img/coins/150/20.png', '2020-04-27 11:40:25', '2020-04-27 11:40:25'),
(45, 1, 47, '/img/coins/150/25.png', '2020-04-27 11:40:25', '2020-04-27 11:40:25'),
(46, 1, 48, '/img/coins/150/50.png', '2020-04-27 11:40:25', '2020-04-27 11:40:25'),
(47, 1, 49, '/img/coins/150/3.png', '2020-04-27 11:40:25', '2020-04-27 11:40:25'),
(48, 1, 50, '/img/coins/150/4.png', '2020-04-27 11:40:25', '2020-04-27 11:40:25'),
(49, 1, 51, '/img/coins/150/5.png', '2020-04-27 11:40:25', '2020-04-27 11:40:25'),
(50, 1, 52, '/img/coins/150/7.png', '2020-04-27 11:40:25', '2020-04-27 11:40:25'),
(51, 1, 53, '/img/coins/150/10.png', '2020-04-27 11:40:25', '2020-04-27 11:40:25'),
(52, 1, 54, '/img/coins/150/15.png', '2020-04-27 11:40:25', '2020-04-27 11:40:25'),
(53, 1, 55, '/img/coins/150/20.png', '2020-04-27 11:40:25', '2020-04-27 11:40:25'),
(54, 1, 56, '/img/coins/150/30.png', '2020-04-27 11:40:25', '2020-04-27 11:40:25'),
(55, 1, 57, '/img/coins/150/40.png', '2020-04-27 11:40:25', '2020-04-27 11:40:25'),
(56, 1, 58, '/img/coins/150/50.png', '2020-04-27 11:40:25', '2020-04-27 11:40:25'),
(57, 1, 59, '/img/coins/150/70.png', '2020-04-27 11:40:25', '2020-04-27 11:40:25'),
(58, 1, 60, '/img/coins/150/80.png', '2020-04-27 11:40:25', '2020-04-27 11:40:25'),
(59, 1, 61, '/img/coins/150/5.png', '2020-04-27 11:40:25', '2020-04-27 11:40:25'),
(60, 1, 62, '/img/coins/150/8.png', '2020-04-27 11:40:25', '2020-04-27 11:40:25'),
(61, 1, 63, '/img/coins/150/10.png', '2020-04-27 11:40:25', '2020-04-27 11:40:25'),
(62, 1, 64, '/img/coins/150/15.png', '2020-04-27 11:40:25', '2020-04-27 11:40:25'),
(63, 1, 65, '/img/coins/150/20.png', '2020-04-27 11:40:25', '2020-04-27 11:40:25'),
(64, 1, 66, '/img/coins/150/25.png', '2020-04-27 11:40:25', '2020-04-27 11:40:25'),
(65, 1, 67, '/img/coins/150/30.png', '2020-04-27 11:40:25', '2020-04-27 11:40:25'),
(66, 1, 68, '/img/coins/150/50.png', '2020-04-27 11:40:25', '2020-04-27 11:40:25'),
(67, 1, 69, '/img/coins/150/60.png', '2020-04-27 11:40:25', '2020-04-27 11:40:25'),
(68, 1, 70, '/img/coins/150/80.png', '2020-04-27 11:40:25', '2020-04-27 11:40:25'),
(69, 1, 71, '/img/coins/150/100.png', '2020-04-27 11:40:25', '2020-04-27 11:40:25'),
(70, 1, 72, '/img/coins/150/150.png', '2020-04-27 11:40:25', '2020-04-27 11:40:25'),
(71, 1, 73, '/img/coins/150/10.png', '2020-04-27 11:40:25', '2020-04-27 11:40:25'),
(72, 1, 74, '/img/coins/150/15.png', '2020-04-27 11:40:25', '2020-04-27 11:40:25'),
(73, 1, 75, '/img/coins/150/20.png', '2020-04-27 11:40:25', '2020-04-27 11:40:25'),
(74, 1, 76, '/img/coins/150/25.png', '2020-04-27 11:40:25', '2020-04-27 11:40:25'),
(75, 1, 77, '/img/coins/150/30.png', '2020-04-27 11:40:25', '2020-04-27 11:40:25'),
(76, 1, 78, '/img/coins/150/40.png', '2020-04-27 11:40:25', '2020-04-27 11:40:25'),
(77, 1, 79, '/img/coins/150/50.png', '2020-04-27 11:40:25', '2020-04-27 11:40:25'),
(78, 1, 80, '/img/coins/150/70.png', '2020-04-27 11:40:25', '2020-04-27 11:40:25'),
(79, 1, 81, '/img/coins/150/100.png', '2020-04-27 11:40:25', '2020-04-27 11:40:25'),
(80, 1, 82, '/img/coins/150/150.png', '2020-04-27 11:40:25', '2020-04-27 11:40:25'),
(81, 1, 83, '/img/coins/150/200.png', '2020-04-27 11:40:25', '2020-04-27 11:40:25'),
(82, 1, 84, '/img/coins/150/250.png', '2020-04-27 11:40:25', '2020-04-27 11:40:25'),
(83, 1, 85, '/img/coins/150/40.png', '2020-04-27 11:40:25', '2020-04-27 06:25:17'),
(84, 1, 86, '/img/coins/150/40.png', '2020-04-27 11:40:25', '2020-04-27 11:40:25'),
(85, 1, 87, '/img/coins/150/50.png', '2020-04-27 11:40:25', '2020-04-27 11:40:25'),
(86, 1, 88, '/img/coins/150/60.png', '2020-04-27 11:40:25', '2020-04-27 11:40:25'),
(87, 1, 89, '/img/coins/150/70.png', '2020-04-27 11:40:25', '2020-04-27 11:40:25'),
(88, 1, 90, '/img/coins/150/80.png', '2020-04-27 11:40:25', '2020-04-27 11:40:25'),
(89, 1, 91, '/img/coins/150/100.png', '2020-04-27 11:40:25', '2020-04-27 11:40:25'),
(90, 1, 92, '/img/coins/150/200.png', '2020-04-27 11:40:25', '2020-04-27 11:40:25'),
(91, 1, 93, '/img/coins/150/250.png', '2020-04-27 11:40:25', '2020-04-27 11:40:25'),
(92, 1, 94, '/img/coins/150/300.png', '2020-04-27 11:40:25', '2020-04-27 11:40:25'),
(93, 1, 95, '/img/coins/150/400.png', '2020-04-27 11:40:25', '2020-04-27 11:40:25'),
(94, 1, 96, '/img/coins/150/500.png', '2020-04-27 11:40:25', '2020-04-27 11:40:25'),
(95, 1, 97, '/img/coins/150/2_5.png', '2020-04-27 11:40:25', '2020-04-27 11:40:25'),
(96, 1, 98, '/img/coins/150/1.png', '2020-04-27 11:40:25', '2020-04-27 11:40:25'),
(128, 2, 1, '/img/coins/150/0_1.png', '2020-04-27 11:40:32', '2020-04-27 11:40:32'),
(129, 2, 2, '/img/coins/150/0_3.png', '2020-04-27 11:40:32', '2020-04-27 11:40:32'),
(130, 2, 3, '/img/coins/150/0_5.png', '2020-04-27 11:40:32', '2020-04-27 11:40:32'),
(131, 2, 4, '/img/coins/150/0_7.png', '2020-04-27 11:40:32', '2020-04-27 11:40:32'),
(132, 2, 5, '/img/coins/150/0_9.png', '2020-04-27 11:40:32', '2020-04-27 11:40:32'),
(133, 2, 6, '/img/coins/150/1_5.png', '2020-04-27 11:40:32', '2020-04-27 11:40:32'),
(134, 2, 7, '/img/coins/150/2.png', '2020-04-27 11:40:32', '2020-04-27 11:40:32'),
(135, 2, 8, '/img/coins/150/3.png', '2020-04-27 11:40:32', '2020-04-27 11:40:32'),
(136, 2, 9, '/img/coins/150/4.png', '2020-04-27 11:40:32', '2020-04-27 11:40:32'),
(137, 2, 10, '/img/coins/150/5.png', '2020-04-27 11:40:32', '2020-04-27 11:40:32'),
(138, 2, 13, '/img/coins/150/0_1.png', '2020-04-27 11:40:32', '2020-04-27 11:40:32'),
(139, 2, 14, '/img/coins/150/0_3.png', '2020-04-27 11:40:32', '2020-04-27 11:40:32'),
(140, 2, 15, '/img/coins/150/0_5.png', '2020-04-27 11:40:32', '2020-04-27 11:40:32'),
(141, 2, 16, '/img/coins/150/0_7.png', '2020-04-27 11:40:32', '2020-04-27 11:40:32'),
(142, 2, 17, '/img/coins/150/1.png', '2020-04-27 11:40:32', '2020-04-27 11:40:32'),
(143, 2, 18, '/img/coins/150/1_5.png', '2020-04-27 11:40:32', '2020-04-27 11:40:32'),
(144, 2, 19, '/img/coins/150/2.png', '2020-04-27 11:40:32', '2020-04-27 11:40:32'),
(145, 2, 20, '/img/coins/150/3.png', '2020-04-27 11:40:32', '2020-04-27 11:40:32'),
(146, 2, 21, '/img/coins/150/4.png', '2020-04-27 11:40:32', '2020-04-27 11:40:32'),
(147, 2, 22, '/img/coins/150/5.png', '2020-04-27 11:40:32', '2020-04-27 11:40:32'),
(148, 2, 23, '/img/coins/150/8.png', '2020-04-27 11:40:32', '2020-04-27 11:40:32'),
(149, 2, 24, '/img/coins/150/10.png', '2020-04-27 11:40:32', '2020-04-27 11:40:32'),
(150, 2, 25, '/img/coins/150/1.png', '2020-04-27 11:40:32', '2020-04-27 11:40:32'),
(151, 2, 26, '/img/coins/150/1_5.png', '2020-04-27 11:40:32', '2020-04-27 11:40:32'),
(152, 2, 27, '/img/coins/150/2.png', '2020-04-27 11:40:32', '2020-04-27 11:40:32'),
(153, 2, 28, '/img/coins/150/2_5.png', '2020-04-27 11:40:32', '2020-04-27 11:40:32'),
(154, 2, 29, '/img/coins/150/3.png', '2020-04-27 11:40:32', '2020-04-27 11:40:32'),
(155, 2, 30, '/img/coins/150/4.png', '2020-04-27 11:40:32', '2020-04-27 11:40:32'),
(156, 2, 31, '/img/coins/150/5.png', '2020-04-27 11:40:32', '2020-04-27 11:40:32'),
(157, 2, 32, '/img/coins/150/7.png', '2020-04-27 11:40:32', '2020-04-27 11:40:32'),
(158, 2, 33, '/img/coins/150/8.png', '2020-04-27 11:40:32', '2020-04-27 11:40:32'),
(159, 2, 34, '/img/coins/150/10.png', '2020-04-27 11:40:32', '2020-04-27 11:40:32'),
(160, 2, 35, '/img/coins/150/20.png', '2020-04-27 11:40:32', '2020-04-27 11:40:32'),
(161, 2, 36, '/img/coins/150/25.png', '2020-04-27 11:40:32', '2020-04-27 11:40:32'),
(162, 2, 37, '/img/coins/150/1.png', '2020-04-27 11:40:32', '2020-04-27 11:40:32'),
(163, 2, 38, '/img/coins/150/1_5.png', '2020-04-27 11:40:32', '2020-04-27 11:40:32'),
(164, 2, 39, '/img/coins/150/2.png', '2020-04-27 11:40:32', '2020-04-27 11:40:32'),
(165, 2, 40, '/img/coins/150/2_5.png', '2020-04-27 11:40:32', '2020-04-27 11:40:32'),
(166, 2, 41, '/img/coins/150/3.png', '2020-04-27 11:40:32', '2020-04-27 11:40:32'),
(167, 2, 42, '/img/coins/150/4.png', '2020-04-27 11:40:32', '2020-04-27 11:40:32'),
(168, 2, 43, '/img/coins/150/5.png', '2020-04-27 11:40:32', '2020-04-27 11:40:32'),
(169, 2, 44, '/img/coins/150/7.png', '2020-04-27 11:40:32', '2020-04-27 11:40:32'),
(170, 2, 45, '/img/coins/150/10.png', '2020-04-27 11:40:32', '2020-04-27 11:40:32'),
(171, 2, 46, '/img/coins/150/20.png', '2020-04-27 11:40:32', '2020-04-27 11:40:32'),
(172, 2, 47, '/img/coins/150/25.png', '2020-04-27 11:40:32', '2020-04-27 11:40:32'),
(173, 2, 48, '/img/coins/150/50.png', '2020-04-27 11:40:32', '2020-04-27 11:40:32'),
(174, 2, 49, '/img/coins/150/3.png', '2020-04-27 11:40:32', '2020-04-27 11:40:32'),
(175, 2, 50, '/img/coins/150/4.png', '2020-04-27 11:40:32', '2020-04-27 11:40:32'),
(176, 2, 51, '/img/coins/150/5.png', '2020-04-27 11:40:32', '2020-04-27 11:40:32'),
(177, 2, 52, '/img/coins/150/7.png', '2020-04-27 11:40:32', '2020-04-27 11:40:32'),
(178, 2, 53, '/img/coins/150/10.png', '2020-04-27 11:40:32', '2020-04-27 11:40:32'),
(179, 2, 54, '/img/coins/150/15.png', '2020-04-27 11:40:32', '2020-04-27 11:40:32'),
(180, 2, 55, '/img/coins/150/20.png', '2020-04-27 11:40:32', '2020-04-27 11:40:32'),
(181, 2, 56, '/img/coins/150/30.png', '2020-04-27 11:40:32', '2020-04-27 11:40:32'),
(182, 2, 57, '/img/coins/150/40.png', '2020-04-27 11:40:32', '2020-04-27 11:40:32'),
(183, 2, 58, '/img/coins/150/50.png', '2020-04-27 11:40:32', '2020-04-27 11:40:32'),
(184, 2, 59, '/img/coins/150/70.png', '2020-04-27 11:40:32', '2020-04-27 11:40:32'),
(185, 2, 60, '/img/coins/150/80.png', '2020-04-27 11:40:32', '2020-04-27 11:40:32'),
(186, 2, 61, '/img/coins/150/5.png', '2020-04-27 11:40:32', '2020-04-27 11:40:32'),
(187, 2, 62, '/img/coins/150/8.png', '2020-04-27 11:40:32', '2020-04-27 11:40:32'),
(188, 2, 63, '/img/coins/150/10.png', '2020-04-27 11:40:32', '2020-04-27 11:40:32'),
(189, 2, 64, '/img/coins/150/15.png', '2020-04-27 11:40:32', '2020-04-27 11:40:32'),
(190, 2, 65, '/img/coins/150/20.png', '2020-04-27 11:40:32', '2020-04-27 11:40:32'),
(191, 2, 66, '/img/coins/150/25.png', '2020-04-27 11:40:32', '2020-04-27 11:40:32'),
(192, 2, 67, '/img/coins/150/30.png', '2020-04-27 11:40:32', '2020-04-27 11:40:32'),
(193, 2, 68, '/img/coins/150/50.png', '2020-04-27 11:40:32', '2020-04-27 11:40:32'),
(194, 2, 69, '/img/coins/150/60.png', '2020-04-27 11:40:32', '2020-04-27 11:40:32'),
(195, 2, 70, '/img/coins/150/80.png', '2020-04-27 11:40:32', '2020-04-27 11:40:32'),
(196, 2, 71, '/img/coins/150/100.png', '2020-04-27 11:40:32', '2020-04-27 11:40:32'),
(197, 2, 72, '/img/coins/150/150.png', '2020-04-27 11:40:32', '2020-04-27 11:40:32'),
(198, 2, 73, '/img/coins/150/10.png', '2020-04-27 11:40:32', '2020-04-27 11:40:32'),
(199, 2, 74, '/img/coins/150/15.png', '2020-04-27 11:40:32', '2020-04-27 11:40:32'),
(200, 2, 75, '/img/coins/150/20.png', '2020-04-27 11:40:32', '2020-04-27 11:40:32'),
(201, 2, 76, '/img/coins/150/25.png', '2020-04-27 11:40:32', '2020-04-27 11:40:32'),
(202, 2, 77, '/img/coins/150/30.png', '2020-04-27 11:40:32', '2020-04-27 11:40:32'),
(203, 2, 78, '/img/coins/150/40.png', '2020-04-27 11:40:32', '2020-04-27 11:40:32'),
(204, 2, 79, '/img/coins/150/50.png', '2020-04-27 11:40:32', '2020-04-27 11:40:32'),
(205, 2, 80, '/img/coins/150/70.png', '2020-04-27 11:40:32', '2020-04-27 11:40:32'),
(206, 2, 81, '/img/coins/150/100.png', '2020-04-27 11:40:32', '2020-04-27 11:40:32'),
(207, 2, 82, '/img/coins/150/150.png', '2020-04-27 11:40:32', '2020-04-27 11:40:32'),
(208, 2, 83, '/img/coins/150/200.png', '2020-04-27 11:40:32', '2020-04-27 11:40:32'),
(209, 2, 84, '/img/coins/150/250.png', '2020-04-27 11:40:32', '2020-04-27 11:40:32'),
(210, 2, 85, '/img/coins/150/30.png', '2020-04-27 11:40:32', '2020-04-27 11:40:32'),
(211, 2, 86, '/img/coins/150/40.png', '2020-04-27 11:40:32', '2020-04-27 11:40:32'),
(212, 2, 87, '/img/coins/150/50.png', '2020-04-27 11:40:32', '2020-04-27 11:40:32'),
(213, 2, 88, '/img/coins/150/60.png', '2020-04-27 11:40:32', '2020-04-27 11:40:32'),
(214, 2, 89, '/img/coins/150/70.png', '2020-04-27 11:40:32', '2020-04-27 11:40:32'),
(215, 2, 90, '/img/coins/150/80.png', '2020-04-27 11:40:32', '2020-04-27 11:40:32'),
(216, 2, 91, '/img/coins/150/100.png', '2020-04-27 11:40:32', '2020-04-27 11:40:32'),
(217, 2, 92, '/img/coins/150/200.png', '2020-04-27 11:40:32', '2020-04-27 11:40:32'),
(218, 2, 93, '/img/coins/150/250.png', '2020-04-27 11:40:32', '2020-04-27 11:40:32'),
(219, 2, 94, '/img/coins/150/300.png', '2020-04-27 11:40:32', '2020-04-27 11:40:32'),
(220, 2, 95, '/img/coins/150/400.png', '2020-04-27 11:40:32', '2020-04-27 11:40:32'),
(221, 2, 96, '/img/coins/150/500.png', '2020-04-27 11:40:32', '2020-04-27 11:40:32'),
(222, 2, 97, '/img/coins/150/2_5.png', '2020-04-27 11:40:32', '2020-04-27 11:40:32'),
(223, 2, 98, '/img/coins/150/1.png', '2020-04-27 11:40:32', '2020-04-27 11:40:32'),
(255, 1, 102, 'sdv sdfv', '2020-04-27 06:23:57', '2020-04-27 06:23:57'),
(256, 1, 103, 'qwvetrw', '2020-04-27 06:25:01', '2020-04-27 06:25:01');

-- --------------------------------------------------------

--
-- Структура таблицы `tickets`
--

CREATE TABLE `tickets` (
  `id` bigint UNSIGNED NOT NULL,
  `user_id` bigint NOT NULL,
  `manager_id` bigint NOT NULL,
  `IP` char(255) CHARACTER SET utf8mb4 COLLATE utf8mb4_unicode_ci NOT NULL,
  `text` text CHARACTER SET utf8mb4 COLLATE utf8mb4_unicode_ci NOT NULL,
  `direction` enum('question','answer') CHARACTER SET utf8mb4 COLLATE utf8mb4_unicode_ci NOT NULL DEFAULT 'question',
  `status` enum('new','read') CHARACTER SET utf8mb4 COLLATE utf8mb4_unicode_ci NOT NULL DEFAULT 'new',
  `created_at` timestamp NULL DEFAULT NULL,
  `updated_at` timestamp NULL DEFAULT NULL
) ENGINE=InnoDB DEFAULT CHARSET=utf8mb4 COLLATE=utf8mb4_unicode_ci;

-- --------------------------------------------------------

--
-- Структура таблицы `ticket_attachments`
--

CREATE TABLE `ticket_attachments` (
  `id` bigint UNSIGNED NOT NULL,
  `ticket_id` bigint NOT NULL,
  `file` varchar(255) CHARACTER SET utf8mb4 COLLATE utf8mb4_unicode_ci NOT NULL,
  `filename` varchar(255) CHARACTER SET utf8mb4 COLLATE utf8mb4_unicode_ci DEFAULT NULL,
  `created_at` timestamp NULL DEFAULT NULL,
  `updated_at` timestamp NULL DEFAULT NULL
) ENGINE=InnoDB DEFAULT CHARSET=utf8mb4 COLLATE=utf8mb4_unicode_ci;

-- --------------------------------------------------------

--
-- Структура таблицы `ticket_categories`
--

CREATE TABLE `ticket_categories` (
  `id` bigint UNSIGNED NOT NULL,
  `title` varchar(255) CHARACTER SET utf8mb4 COLLATE utf8mb4_unicode_ci NOT NULL,
  `created_at` timestamp NULL DEFAULT NULL,
  `updated_at` timestamp NULL DEFAULT NULL
) ENGINE=InnoDB DEFAULT CHARSET=utf8mb4 COLLATE=utf8mb4_unicode_ci;

-- --------------------------------------------------------

--
-- Структура таблицы `ticket_templates`
--

CREATE TABLE `ticket_templates` (
  `id` bigint UNSIGNED NOT NULL,
  `ticket_category_id` bigint NOT NULL,
  `title` varchar(255) CHARACTER SET utf8mb4 COLLATE utf8mb4_unicode_ci NOT NULL,
  `text` text CHARACTER SET utf8mb4 COLLATE utf8mb4_unicode_ci NOT NULL,
  `created_at` timestamp NULL DEFAULT NULL,
  `updated_at` timestamp NULL DEFAULT NULL
) ENGINE=InnoDB DEFAULT CHARSET=utf8mb4 COLLATE=utf8mb4_unicode_ci;

-- --------------------------------------------------------

--
-- Структура таблицы `users`
--

CREATE TABLE `users` (
  `id` int UNSIGNED NOT NULL,
  `name` varchar(255) CHARACTER SET utf8mb4 COLLATE utf8mb4_unicode_ci NOT NULL,
  `role` smallint UNSIGNED NOT NULL,
  `manager_id` bigint NOT NULL DEFAULT '1',
  `email` varchar(255) CHARACTER SET utf8mb4 COLLATE utf8mb4_unicode_ci NOT NULL,
  `email_verified_at` timestamp NULL DEFAULT NULL,
  `password` varchar(255) CHARACTER SET utf8mb4 COLLATE utf8mb4_unicode_ci NOT NULL,
  `remember_token` varchar(100) CHARACTER SET utf8mb4 COLLATE utf8mb4_unicode_ci DEFAULT NULL,
  `created_at` timestamp NULL DEFAULT NULL,
  `updated_at` timestamp NULL DEFAULT NULL,
  `ticketit_admin` tinyint(1) NOT NULL DEFAULT '0',
  `ticketit_agent` tinyint(1) NOT NULL DEFAULT '0',
  `username` varchar(255) CHARACTER SET utf8mb4 COLLATE utf8mb4_unicode_ci NOT NULL,
  `avatar` varchar(255) CHARACTER SET utf8mb4 COLLATE utf8mb4_unicode_ci NOT NULL,
  `money` bigint NOT NULL,
  `login` varchar(255) CHARACTER SET utf8mb4 COLLATE utf8mb4_unicode_ci NOT NULL,
  `login2` varchar(255) CHARACTER SET utf8mb4 COLLATE utf8mb4_unicode_ci NOT NULL,
  `is_yt` int DEFAULT NULL,
  `ref_user` int DEFAULT NULL,
  `profit` int NOT NULL,
  `opened` int NOT NULL,
  `ref_link` varchar(255) CHARACTER SET utf8mb4 COLLATE utf8mb4_unicode_ci DEFAULT 'none',
  `deposit` int NOT NULL,
  `bonus_money` int NOT NULL DEFAULT '0'
) ENGINE=InnoDB DEFAULT CHARSET=utf8mb4 COLLATE=utf8mb4_unicode_ci;

--
-- Индексы сохранённых таблиц
--

--
-- Индексы таблицы `cards`
--
ALTER TABLE `cards`
  ADD PRIMARY KEY (`id`);

--
-- Индексы таблицы `failed_jobs`
--
ALTER TABLE `failed_jobs`
  ADD PRIMARY KEY (`id`);

--
-- Индексы таблицы `games`
--
ALTER TABLE `games`
  ADD PRIMARY KEY (`id`);

--
-- Индексы таблицы `items`
--
ALTER TABLE `items`
  ADD PRIMARY KEY (`id`);

--
-- Индексы таблицы `migrations`
--
ALTER TABLE `migrations`
  ADD PRIMARY KEY (`id`);

--
-- Индексы таблицы `operations`
--
ALTER TABLE `operations`
  ADD PRIMARY KEY (`id`);

--
-- Индексы таблицы `password_resets`
--
ALTER TABLE `password_resets`
  ADD KEY `password_resets_email_index` (`email`(191));

--
-- Индексы таблицы `reviews`
--
ALTER TABLE `reviews`
  ADD PRIMARY KEY (`id`);

--
-- Индексы таблицы `sessions`
--
ALTER TABLE `sessions`
  ADD KEY `id` (`id`(191));

--
-- Индексы таблицы `settings`
--
ALTER TABLE `settings`
  ADD PRIMARY KEY (`id`);

--
-- Индексы таблицы `sites`
--
ALTER TABLE `sites`
  ADD PRIMARY KEY (`id`);

--
-- Индексы таблицы `site_card_image`
--
ALTER TABLE `site_card_image`
  ADD PRIMARY KEY (`id`);

--
-- Индексы таблицы `site_card_names`
--
ALTER TABLE `site_card_names`
  ADD PRIMARY KEY (`id`);

--
-- Индексы таблицы `site_item_image`
--
ALTER TABLE `site_item_image`
  ADD PRIMARY KEY (`id`);

--
-- Индексы таблицы `tickets`
--
ALTER TABLE `tickets`
  ADD PRIMARY KEY (`id`),
  ADD KEY `tickets_user_id_index` (`user_id`),
  ADD KEY `tickets_manager_id_index` (`manager_id`),
  ADD KEY `tickets_ip_index` (`IP`(191));

--
-- Индексы таблицы `ticket_attachments`
--
ALTER TABLE `ticket_attachments`
  ADD PRIMARY KEY (`id`);

--
-- Индексы таблицы `ticket_categories`
--
ALTER TABLE `ticket_categories`
  ADD PRIMARY KEY (`id`);

--
-- Индексы таблицы `ticket_templates`
--
ALTER TABLE `ticket_templates`
  ADD PRIMARY KEY (`id`);

--
-- Индексы таблицы `users`
--
ALTER TABLE `users`
  ADD PRIMARY KEY (`id`);

--
-- AUTO_INCREMENT для сохранённых таблиц
--

--
-- AUTO_INCREMENT для таблицы `cards`
--
ALTER TABLE `cards`
  MODIFY `id` bigint UNSIGNED NOT NULL AUTO_INCREMENT, AUTO_INCREMENT=19;

--
-- AUTO_INCREMENT для таблицы `failed_jobs`
--
ALTER TABLE `failed_jobs`
  MODIFY `id` bigint UNSIGNED NOT NULL AUTO_INCREMENT;

--
-- AUTO_INCREMENT для таблицы `games`
--
ALTER TABLE `games`
  MODIFY `id` bigint UNSIGNED NOT NULL AUTO_INCREMENT;

--
-- AUTO_INCREMENT для таблицы `items`
--
ALTER TABLE `items`
  MODIFY `id` bigint UNSIGNED NOT NULL AUTO_INCREMENT, AUTO_INCREMENT=99;

--
-- AUTO_INCREMENT для таблицы `migrations`
--
ALTER TABLE `migrations`
  MODIFY `id` int UNSIGNED NOT NULL AUTO_INCREMENT, AUTO_INCREMENT=48;

--
-- AUTO_INCREMENT для таблицы `operations`
--
ALTER TABLE `operations`
  MODIFY `id` bigint UNSIGNED NOT NULL AUTO_INCREMENT;

--
-- AUTO_INCREMENT для таблицы `reviews`
--
ALTER TABLE `reviews`
  MODIFY `id` bigint UNSIGNED NOT NULL AUTO_INCREMENT;

--
-- AUTO_INCREMENT для таблицы `settings`
--
ALTER TABLE `settings`
  MODIFY `id` bigint UNSIGNED NOT NULL AUTO_INCREMENT, AUTO_INCREMENT=3;

--
-- AUTO_INCREMENT для таблицы `sites`
--
ALTER TABLE `sites`
  MODIFY `id` int UNSIGNED NOT NULL AUTO_INCREMENT, AUTO_INCREMENT=2;

--
-- AUTO_INCREMENT для таблицы `site_card_image`
--
ALTER TABLE `site_card_image`
  MODIFY `id` bigint UNSIGNED NOT NULL AUTO_INCREMENT, AUTO_INCREMENT=24;

--
-- AUTO_INCREMENT для таблицы `site_card_names`
--
ALTER TABLE `site_card_names`
  MODIFY `id` bigint UNSIGNED NOT NULL AUTO_INCREMENT, AUTO_INCREMENT=54;

--
-- AUTO_INCREMENT для таблицы `site_item_image`
--
ALTER TABLE `site_item_image`
  MODIFY `id` bigint UNSIGNED NOT NULL AUTO_INCREMENT, AUTO_INCREMENT=257;

--
-- AUTO_INCREMENT для таблицы `tickets`
--
ALTER TABLE `tickets`
  MODIFY `id` bigint UNSIGNED NOT NULL AUTO_INCREMENT;

--
-- AUTO_INCREMENT для таблицы `ticket_attachments`
--
ALTER TABLE `ticket_attachments`
  MODIFY `id` bigint UNSIGNED NOT NULL AUTO_INCREMENT;

--
-- AUTO_INCREMENT для таблицы `ticket_categories`
--
ALTER TABLE `ticket_categories`
  MODIFY `id` bigint UNSIGNED NOT NULL AUTO_INCREMENT;

--
-- AUTO_INCREMENT для таблицы `ticket_templates`
--
ALTER TABLE `ticket_templates`
  MODIFY `id` bigint UNSIGNED NOT NULL AUTO_INCREMENT;

--
-- AUTO_INCREMENT для таблицы `users`
--
ALTER TABLE `users`
  MODIFY `id` int UNSIGNED NOT NULL AUTO_INCREMENT;
COMMIT;

/*!40101 SET CHARACTER_SET_CLIENT=@OLD_CHARACTER_SET_CLIENT */;
/*!40101 SET CHARACTER_SET_RESULTS=@OLD_CHARACTER_SET_RESULTS */;
/*!40101 SET COLLATION_CONNECTION=@OLD_COLLATION_CONNECTION */;
