{
  "header": "Помощь и поддержка",
  "faq": [
    {
      "id": 1,
      "header": "Игра",
      "qa": [
        {
          "id": 1,
          "question": "Как зарегистрироваться на сайте?",
          "answer": "Нажмите кнопку \"Войти\" или \"Регистрация\" в правом верхнем углу сайта. Выберите любимую социальную сеть: ВКонтакте, Facebook или Одноклассники, после чего вы попадете на специальную страницу подтверждения доступа. Нажмите кнопку \"Подтвердить\" и регистрация автоматически завершится. В будущем для входа вам достаточно нажать на кнопку войти и выбрать социальную сеть, которую вы использовали при регистрации."
        },
        {
          "id": 2,
          "question": "Как бесплатно попробовать игру?",
          "answer": "При регистрации вы получите 1000 бонусных рублей. Вам доступны все функции сайта, кроме вывода средств. Для перехода в игру на деньги достаточно пополнить баланс на любую сумму. Все бонусы будут автоматически списаны и активируется функция вывода средств."
        },
        {
          "id": 3,
          "question": "В чем суть игры?",
          "answer": "На главной странице расположен список всех кейсов. В каждом кейсе 12 ячеек. Нажмите кнопку \"Начать игру\" и нажмите на любую из 12 ячеек в игровом поле. После этого произойдет открытие ячейки и вы увидите какой из гарантированных выигрышей получили. Выигрыш автоматически зачисляется на ваш баланс. Вы можете открыть следующее ячейку на поле или посмотреть в каких были остальные выигрыши. Стоимость открытия каждой последующей ячейки увеливается на 20%."
        },
        {
          "id": 4,
          "question": "Сколько ячеек можно открыть за 1 игру?",
          "answer": "За одну игровую сессию можно открыть от 1 до 3 ячейки. Выигрыши не повторяются. Соответственно каждое открытие увеличивает ваш шанс на получение максимального выигрыша!"
        },
        {
          "id": 5,
          "question": "Как формируется страница \"Рейтинг\" и ТОП-10 на главной странице?",
          "answer": "Позиция в рейтинге рассчитывается на основе общей суммы выигрышей. Таким образом, чем больше вы выигрываете - тем выше ваша позиция в рейтинге. На главной странице выводится только первая десятка лучших игроков."
        },
        {
          "id": 6,
          "question": "Можно ли регистрировать более 1 аккаунта?",
          "answer": "Нет, каждый пользователь может зарегистрировать только один аккаунт. За множественную регистрацию мы можем заблокировать все аккаунты пользователя. Вывод остатка средств на заблокированных аккаунтах не производится."
        }
      ]
    },
    {
      "id": 2,
      "header": "Пополнение и вывод средств",
      "qa": [
        {
          "id": 7,
          "question": "Как пополнить баланс?",
          "answer": "Нажмите кнопку \"Пополнить\" в правом верхнем углу экрана. Введите сумму платежа цифрами без пробелов, точек и запятых. Выберите удобную платежную систему и нажмите кнопку \"Пополнить\". После этого вы будете перенаправлены на сайт платежной системы, где необходимо завершить платеж. После завершения платежа вы будете перенаправлены обратно на Egger."
        },
        {
          "id": 8,
          "question": "Минимальная сумма пополнения баланса?",
          "answer": "Минимальная сумма пополнения составляет 100 руб."
        },
        {
          "id": 9,
          "question": "Сколько времени занимает вывод средств?",
          "answer": "Большая часть выплат выполняется автоматически в течение 1-2 минут. Некоторые выплаты проверяются администрацией вручную, поэтому максимальный срок выплаты составляет 24 часа."
        },
        {
          "id": 10,
          "question": "Как вывести выигрыш?",
          "answer": "Нажмите кнопку \"Вывести\" в правом верхнем углу экрана. Введите сумму для выплаты, номер кошелька и выберите платежную систему. Нажмите кнопку \"Вывести\", после чего средства спишутся с баланса и ваш заказ выплаты сразу поступит в обработку."
        },
        {
          "id": 11,
          "question": "Можно ли вывести бонусные рубли полученные при регистрации?",
          "answer": "Нет. Бонусы вывести нельзя, но можно потратить на открытие кейсов."
        },
        {
          "id": 12,
          "question": "Как отслеживать статус выплаты?",
          "answer": "Статус заказанной выплаты всегда можно найти на странице \"Финансы\", ссылка на которую расположена на странице \"Мой профиль\"."
        },
        {
          "id": 13,
          "question": "Минимальная сумма выплаты?",
          "answer": "Минимальная сумма выплаты составляет 100 рублей."
        }
      ]
    },
    {
      "id": 3,
      "header": "Партнерская программа",
      "qa": [
        {
          "id": 14,
          "question": "Как работает партнерская программа?",
          "answer": "В разделе \"Партнерская программа\" в профиле вы можете получить собственную ссылку для привлечения новых игроков. Каждый игрок, который зарегистрируется по вашей ссылке автоматически становится вашим рефералом и отображается в таблице \"Привлеченные игроки\". Каждый раз, когда привлеченный вами игрок пополняет свой баланс вы получаете 5% от этой суммы на свой баланс! Полученное вознаграждение можно вывести на ваш электронный кошелек или использовать для открытия кейсов."
        },
        {
          "id": 15,
          "question": "Что дает регистрация по моей ссылке?",
          "answer": "Все пользователи, которые зарегистрируются по вашей ссылке получат 1000 рублей в качестве бонуса. Обязательно расскажите всем о бонусе, это сделает вашу рекламу более привлекательной!"
        },
        {
          "id": 16,
          "question": "Как вывести заработанные деньги по партнерской программе?",
          "answer": "Нажмите кнопку \"Вывести\" в правом верхнем углу экрана. Введите сумму для выплаты, номер кошелька и выберите платежную систему. Нажмите кнопку \"Вывести\", после чего средства спишутся с баланса и ваш заказ выплаты сразу поступит в обработку. Минимальная сумма выплаты 100 руб."
        },
        {
          "id": 17,
          "question": "Как привлекать новых игроков?",
          "answer": "Вы можете отправить вашу партнерскую ссылку друзьям и знакомым в социальных сетях. Снимите видео-обзор на наш сайт, выложите на Youtube и разместите ссылку в описании. Напишите пост на форуме или в группе в социальной сети с рассказом о Egger, не забудьте добавить вашу партнерскую ссылку."
        }
      ]
    }
  ]
}